ID Group,Group,ID Subgroup,Subgroup,ID Occupation,Occupation,ID Year,Year,ID State,State,Workforce by Occupation and Gender,Workforce by Occupation and Gender Moe,ACS Occupation yg RCA,Geography,ID Geography,Slug Geography,Median Earnings,Median Earnings Moe,Workforce Prev,Workforce Growth,Median Earnings Prev,Median Earnings Growth,Share
0,"Management, Business, Science, & Arts Occupations",0,"Management, Business, & Financial Occupations",0,"Management Occupations",2021,"2021","04000US25","Massachusetts",45638,1538.776461998298,1.1305112333938216,"Boston, MA","16000US2507000","boston-ma",191578,8132,46344,-1.523390298636285,176465,8.564304536310315,12.188041629167124
0,"Management, Business, Science, & Arts Occupations",0,"Management, Business, & Financial Occupations",1,"Business & Financial Operations Occupations",2021,"2021","04000US25","Massachusetts",34345,1406.500977603642,1.6229894904381947,"Boston, MA","16000US2507000","boston-ma",164742,7421,34819,-1.3613257129728022,157977,4.282268937883363,9.172143603000675
0,"Management, Business, Science, & Arts Occupations",1,"Computer, Engineering, & Science Occupations",2,"Computer & Mathematical Occupations",2021,"2021","04000US25","Massachusetts",18877,1124.235295656563,1.4870497495321036,"Boston, MA","16000US2507000","boston-ma",175189,9214,17794,6.086321231875913,167722,4.452009873481118,5.041273978565839
0,"Management, Business, Science, & Arts Occupations",1,"Computer, Engineering, & Science Occupations",3,"Architecture & Engineering Occupations",2021,"2021","04000US25","Massachusetts",7077,609.0155991434045,0.9162419305984888,"Boston, MA","16000US2507000","boston-ma",152057,14702,6727,5.202913631633715,144314,5.365383815846003,1.8899770062144643
0,"Management, Business, Science, & Arts Occupations",1,"Computer, Engineering, & Science Occupations",4,"Life, Physical, & Social Science Occupations",2021,"2021","04000US25","Massachusetts",13105,1010.1113799972755,3.3555411132862747,"Boston, MA","16000US2507000","boston-ma",119295,9623,12430,5.430410297666935,114382,4.2952562466122295,3.4998090527682004
0,"Management, Business, Science, & Arts Occupations",2,"Education, Legal, Community Service, Arts, & Media Occupations",5,"Community & Social Service Occupations",2021,"2021","04000US25","Massachusetts",8583,682.948021448192,1.2830790136198453,"Boston, MA","16000US2507000","boston-ma",90131,7854,8696,-1.2994480220791167,85564,5.337525127390024,2.292167958787445
0,"Management, Business, Science, & Arts Occupations",2,"Education, Legal, Community Service, Arts, & Media Occupations",6,"Legal Occupations",2021,"2021","04000US25","Massachusetts",8684,657.8160837194542,1.9837223104897148,"Boston, MA","16000US2507000","boston-ma",222699,25407,8462,2.623493264003782,201628,10.45043347154165,2.319140924398249
0,"Management, Business, Science, & Arts Occupations",2,"Education, Legal, Community Service, Arts, & Media Occupations",7,"Education Instruction, & Library Occupations",2021,"2021","04000US25","Massachusetts",27846,1403.2020524500383,1.2060236065516146,"Boston, MA","16000US2507000","boston-ma",100209,9100,27608,0.8620689655172413,100757,-0.5438828071498755,7.436526736618338
0,"Management, Business, Science, & Arts Occupations",2,"Education, Legal, Community Service, Arts, & Media Occupations",8,"Arts, Design, Entertainment, Sports, & Media Occupations",2021,"2021","04000US25","Massachusetts",11124,794.7930548262233,1.4522584206318825,"Boston, MA","16000US2507000","boston-ma",108737,8142,12007,-7.354043474639793,104795,3.761629848752326,2.970765044104805
0,"Management, Business, Science, & Arts Occupations",3,"Healthcare Practitioners & Technical Occupations",9,"Health Diagnosing & Treating Practitioners & Other Technical Occupations",2021,"2021","04000US25","Massachusetts",19645,1080.256451033735,1.2377835217611026,"Boston, MA","16000US2507000","boston-ma",178451,8667,19780,-0.6825075834175935,166792,6.99014341215406,5.246375340834132
0,"Management, Business, Science, & Arts Occupations",3,"Healthcare Practitioners & Technical Occupations",10,"Health Technologists & Technicians",2021,"2021","04000US25","Massachusetts",6536,745.5957349663422,0.8900223471600563,"Boston, MA","16000US2507000","boston-ma",115740,17398,6266,4.3089690392594955,115585,0.13410044555954492,1.7454980518041174
1,"Service Occupations",4,"Service Occupations",11,"Healthcare Support Occupations",2021,"2021","04000US25","Massachusetts",13890,1206.6420347393837,1.131402202934862,"Boston, MA","16000US2507000","boston-ma",62786,5124,14312,-2.9485746226942426,61038,2.863789770307022,3.7094504191492033
1,"Service Occupations",4,"Service Occupations",14,"Food Preparation & Serving Related Occupations",2021,"2021","04000US25","Massachusetts",21235,1182.702413965576,1.0543014357722542,"Boston, MA","16000US2507000","boston-ma",41633,3007,23698,-10.393282133513376,39527,5.3280036430794135,5.670999254905207
1,"Service Occupations",4,"Service Occupations",15,"Building & Grounds Cleaning & Maintenance Occupations",2021,"2021","04000US25","Massachusetts",14715,1156.6615753970564,1.093877252055424,"Boston, MA","16000US2507000","boston-ma",57203,5188,15113,-2.6334943426189374,53085,7.757370255251013,3.929774148148346
1,"Service Occupations",4,"Service Occupations",16,"Personal Care & Service Occupations",2021,"2021","04000US25","Massachusetts",10531,809.2119623436124,1.0680148687277904,"Boston, MA","16000US2507000","boston-ma",43061,8362,11459,-8.098437909067108,44047,-2.238517946738711,2.8123990182908756
1,"Service Occupations",5,"Protective Service Occupations",12,"Fire Fighting & Prevention, & Other Protective Service Workers Including Supervisors",2021,"2021","04000US25","Massachusetts",5175,625.7555433234292,1.1738337667719478,"Boston, MA","16000US2507000","boston-ma",63987,20684,5911,-12.45136186770428,48744,31.271541112752338,1.3820306637218953
1,"Service Occupations",5,"Protective Service Occupations",13,"Law Enforcement Workers Including Supervisors",2021,"2021","04000US25","Massachusetts",2469,412.8001937984041,0.6791702540223076,"Boston, MA","16000US2507000","boston-ma",169592,38720,2671,-7.562710595282665,162057,4.649598598024152,0.6593688326047071
2,"Sales & Office Occupations",6,"Sales & Office Occupations",17,"Sales & Related Occupations",2021,"2021","04000US25","Massachusetts",30639,1380.3930599651678,0.8375252344332323,"Boston, MA","16000US2507000","boston-ma",81612,10394,30963,-1.0464102315667088,78850,3.50285351934052,8.182422706429982
2,"Sales & Office Occupations",6,"Sales & Office Occupations",18,"Office & Administrative Support Occupations",2021,"2021","04000US25","Massachusetts",37209,1683.2400304175278,0.895743977618682,"Boston, MA","16000US2507000","boston-ma",81225,4819,39983,-6.93794862816697,77659,4.5918695836928105,9.937000766459517
3,"Natural Resources, Construction, & Maintenance Occupations",7,"Natural Resources, Construction, & Maintenance Occupations",19,"Farming, Fishing, & Forestry Occupations",2021,"2021","04000US25","Massachusetts",257,206.90335908341362,0.11085331578984335,"Boston, MA","16000US2507000","boston-ma",96280,79152,348,-26.14942528735632,89232,7.8985117446655915,0.06863417982155114
3,"Natural Resources, Construction, & Maintenance Occupations",7,"Natural Resources, Construction, & Maintenance Occupations",20,"Construction & Extraction Occupations",2021,"2021","04000US25","Massachusetts",8521,654.3615208735916,0.45303972331670295,"Boston, MA","16000US2507000","boston-ma",106477,29690,9719,-12.326371025825702,83354,27.74072030136526,2.2756102967293277
3,"Natural Resources, Construction, & Maintenance Occupations",7,"Natural Resources, Construction, & Maintenance Occupations",21,"Installation, Maintenance, & Repair Occupations",2021,"2021","04000US25","Massachusetts",4229,482.0663854698853,0.3681304071175773,"Boston, MA","16000US2507000","boston-ma",98235,19569,4529,-6.62397880326783,96036,2.289766337623391,1.1293927878028784
4,"Production, Transportation, & Material Moving Occupations",8,"Production, Transportation, & Material Moving Occupations",22,"Production Occupations",2021,"2021","04000US25","Massachusetts",7266,740.489702831849,0.3513574522165614,"Boston, MA","16000US2507000","boston-ma",71517,6838,7895,-7.967067764407854,69756,2.5245140202993293,1.9404511695851772
4,"Production, Transportation, & Material Moving Occupations",8,"Production, Transportation, & Material Moving Occupations",23,"Transportation Occupations",2021,"2021","04000US25","Massachusetts",10826,987.3140331221877,0.7571938760507794,"Boston, MA","16000US2507000","boston-ma",63662,9663,10623,1.9109479431422387,58321,9.15793624937844,2.8911814425996596
0,"Management, Business, Science, & Arts Occupations",0,"Management, Business, & Financial Occupations",0,"Management Occupations",2020,"2020","04000US25","Massachusetts",46344,1601.530517973354,1.1483070111077258,"Boston, MA","16000US2507000","boston-ma",176465,8983,44532,4.068984101320399,170516,3.488822163316053,12.061211742660836
0,"Management, Business, Science, & Arts Occupations",0,"Management, Business, & Financial Occupations",1,"Business & Financial Operations Occupations",2020,"2020","04000US25","Massachusetts",34819,1620.710955105814,1.6408912832025244,"Boston, MA","16000US2507000","boston-ma",157977,6330,32521,7.066203376279942,151200,4.482142857142858,9.061784301478243
0,"Management, Business, Science, & Arts Occupations",1,"Computer, Engineering, & Science Occupations",2,"Computer & Mathematical Occupations",2020,"2020","04000US25","Massachusetts",17794,1023.5663144125054,1.4231022964676616,"Boston, MA","16000US2507000","boston-ma",167722,8379,17222,3.3213331784926257,162368,3.2974477729601896,4.6309598167811785
0,"Management, Business, Science, & Arts Occupations",1,"Computer, Engineering, & Science Occupations",3,"Architecture & Engineering Occupations",2020,"2020","04000US25","Massachusetts",6727,632.5219363784944,0.883632086199142,"Boston, MA","16000US2507000","boston-ma",144314,12872,6574,2.3273501673258292,135366,6.610227088042787,1.7507287112221528
0,"Management, Business, Science, & Arts Occupations",1,"Computer, Engineering, & Science Occupations",4,"Life, Physical, & Social Science Occupations",2020,"2020","04000US25","Massachusetts",12430,909.1210040473161,3.2553339334542124,"Boston, MA","16000US2507000","boston-ma",114382,11442,11172,11.260293591120659,113688,0.6104426148758004,3.2349573183427025
0,"Management, Business, Science, & Arts Occupations",2,"Education, Legal, Community Service, Arts, & Media Occupations",5,"Community & Social Service Occupations",2020,"2020","04000US25","Massachusetts",8696,710.6229661360517,1.2745513695376003,"Boston, MA","16000US2507000","boston-ma",85564,8458,9521,-8.665056191576515,85791,-0.264596519448427,2.2631688528003333
0,"Management, Business, Science, & Arts Occupations",2,"Education, Legal, Community Service, Arts, & Media Occupations",6,"Legal Occupations",2020,"2020","04000US25","Massachusetts",8462,682.8067076413354,1.9290878066357813,"Boston, MA","16000US2507000","boston-ma",201628,26724,7993,5.8676341799074185,205442,-1.85648504200699,2.20226941494899
0,"Management, Business, Science, & Arts Occupations",2,"Education, Legal, Community Service, Arts, & Media Occupations",7,"Education Instruction, & Library Occupations",2020,"2020","04000US25","Massachusetts",27608,1495.751650508867,1.172725943914805,"Boston, MA","16000US2507000","boston-ma",100757,9920,26543,4.012357307011265,92057,9.450666434926188,7.185092650426816
0,"Management, Business, Science, & Arts Occupations",2,"Education, Legal, Community Service, Arts, & Media Occupations",8,"Arts, Design, Entertainment, Sports, & Media Occupations",2020,"2020","04000US25","Massachusetts",12007,888.721553693844,1.5296254385376964,"Boston, MA","16000US2507000","boston-ma",104795,12132,11161,7.579965952871606,103650,1.104679208876025,3.1248698729960442
0,"Management, Business, Science, & Arts Occupations",3,"Healthcare Practitioners & Technical Occupations",9,"Health Diagnosing & Treating Practitioners & Other Technical Occupations",2020,"2020","04000US25","Massachusetts",19780,1204.2566171709416,1.235779032127559,"Boston, MA","16000US2507000","boston-ma",166792,12032,20225,-2.2002472187886277,154736,7.79133491882949,5.147824276493858
0,"Management, Business, Science, & Arts Occupations",3,"Healthcare Practitioners & Technical Occupations",10,"Health Technologists & Technicians",2020,"2020","04000US25","Massachusetts",6266,735.7587919963988,0.8317384701749397,"Boston, MA","16000US2507000","boston-ma",115585,16741,5762,8.746962860118014,106874,8.15071953889627,1.630751613574849
1,"Service Occupations",4,"Service Occupations",11,"Healthcare Support Occupations",2020,"2020","04000US25","Massachusetts",14312,902.8427327059791,1.1374860867643481,"Boston, MA","16000US2507000","boston-ma",61038,4774,14158,1.087724254838254,60095,1.5691821282968632,3.724755361232563
1,"Service Occupations",4,"Service Occupations",14,"Food Preparation & Serving Related Occupations",2020,"2020","04000US25","Massachusetts",23698,1268.1344565936217,1.110006471087199,"Boston, MA","16000US2507000","boston-ma",39527,2835,25540,-7.21221613155834,40570,-2.570865171308849,6.167499479491984
1,"Service Occupations",4,"Service Occupations",15,"Building & Grounds Cleaning & Maintenance Occupations",2020,"2020","04000US25","Massachusetts",15113,1190.1268839917868,1.0694480431935773,"Boston, MA","16000US2507000","boston-ma",53085,3837,15692,-3.689778230945705,50639,4.830269160133494,3.933218821569852
1,"Service Occupations",4,"Service Occupations",16,"Personal Care & Service Occupations",2020,"2020","04000US25","Massachusetts",11459,811.2983421651987,1.0909309733077495,"Boston, MA","16000US2507000","boston-ma",44047,9005,11792,-2.8239484396200814,42956,2.5398081758078033,2.9822506766604207
1,"Service Occupations",5,"Protective Service Occupations",12,"Fire Fighting & Prevention, & Other Protective Service Workers Including Supervisors",2020,"2020","04000US25","Massachusetts",5911,609.9245855021751,1.3122293933245972,"Boston, MA","16000US2507000","boston-ma",48744,10325,5736,3.0509065550906556,50160,-2.8229665071770333,1.5383614407661879
1,"Service Occupations",5,"Protective Service Occupations",13,"Law Enforcement Workers Including Supervisors",2020,"2020","04000US25","Massachusetts",2671,475.86552722381555,0.7190461463947361,"Boston, MA","16000US2507000","boston-ma",162057,39200,2502,6.754596322941647,158333,2.3520049515893717,0.6951384551322091
2,"Sales & Office Occupations",6,"Sales & Office Occupations",17,"Sales & Related Occupations",2020,"2020","04000US25","Massachusetts",30963,1350.468437246869,0.805520132613864,"Boston, MA","16000US2507000","boston-ma",78850,8730,32206,-3.859529280258337,71234,10.69152371058764,8.058244846970643
2,"Sales & Office Occupations",6,"Sales & Office Occupations",18,"Office & Administrative Support Occupations",2020,"2020","04000US25","Massachusetts",39983,1485.4753447970786,0.9188983746922649,"Boston, MA","16000US2507000","boston-ma",77659,4605,40599,-1.5172787507081456,75702,2.5851364561041983,10.405735998334373
3,"Natural Resources, Construction, & Maintenance Occupations",7,"Natural Resources, Construction, & Maintenance Occupations",19,"Farming, Fishing, & Forestry Occupations",2020,"2020","04000US25","Massachusetts",348,253.16002844051036,0.14100580036459415,"Boston, MA","16000US2507000","boston-ma",89232,18044,229,51.96506550218341,68479,30.305641145460655,0.0905683947532792
3,"Natural Resources, Construction, & Maintenance Occupations",7,"Natural Resources, Construction, & Maintenance Occupations",20,"Construction & Extraction Occupations",2020,"2020","04000US25","Massachusetts",9719,876.92645073575,0.5030170832683014,"Boston, MA","16000US2507000","boston-ma",83354,15685,10325,-5.8692493946731235,73225,13.8327074086719,2.5294087028940244
3,"Natural Resources, Construction, & Maintenance Occupations",7,"Natural Resources, Construction, & Maintenance Occupations",21,"Installation, Maintenance, & Repair Occupations",2020,"2020","04000US25","Massachusetts",4529,580.904467188883,0.38437778833883246,"Boston, MA","16000US2507000","boston-ma",96036,38307,4247,6.6399811631740056,135435,-29.090707719570275,1.1786904018321882
4,"Production, Transportation, & Material Moving Occupations",8,"Production, Transportation, & Material Moving Occupations",22,"Production Occupations",2020,"2020","04000US25","Massachusetts",7895,692.3618995872029,0.3680508875591032,"Boston, MA","16000US2507000","boston-ma",69756,6183,8366,-5.629930671766674,71022,-1.7825462532736334,2.054705392463044
4,"Production, Transportation, & Material Moving Occupations",8,"Production, Transportation, & Material Moving Occupations",23,"Transportation Occupations",2020,"2020","04000US25","Massachusetts",10623,950.9474223110341,0.726385115146646,"Boston, MA","16000US2507000","boston-ma",58321,13753,10444,1.7139027192646497,57943,0.652365255509725,2.764678326046221
0,"Management, Business, Science, & Arts Occupations",0,"Management, Business, & Financial Occupations",0,"Management Occupations",2019,"2019","04000US25","Massachusetts",44532,1265.8372723221576,1.1424636473979621,"Boston, MA","16000US2507000","boston-ma",170516,5529,40648,9.555205668175557,162526,4.9161364950838635,11.665592631595493
0,"Management, Business, Science, & Arts Occupations",0,"Management, Business, & Financial Occupations",1,"Business & Financial Operations Occupations",2019,"2019","04000US25","Massachusetts",32521,1248.4137935796766,1.5899715885917727,"Boston, MA","16000US2507000","boston-ma",151200,4131,32146,1.1665526037454115,144132,4.903838148364,8.519193792601207
0,"Management, Business, Science, & Arts Occupations",1,"Computer, Engineering, & Science Occupations",2,"Computer & Mathematical Occupations",2019,"2019","04000US25","Massachusetts",17222,881.4397313486613,1.4429250810244225,"Boston, MA","16000US2507000","boston-ma",162368,6991,15983,7.751986485640994,154156,5.327071278445211,4.51147121847969
0,"Management, Business, Science, & Arts Occupations",1,"Computer, Engineering, & Science Occupations",3,"Architecture & Engineering Occupations",2019,"2019","04000US25","Massachusetts",6574,520.5084053115761,0.904977982582806,"Boston, MA","16000US2507000","boston-ma",135366,8174,6322,3.9860803543182532,130188,3.9773250990874733,1.7221235507075532
0,"Management, Business, Science, & Arts Occupations",1,"Computer, Engineering, & Science Occupations",4,"Life, Physical, & Social Science Occupations",2019,"2019","04000US25","Massachusetts",11172,715.5927612825607,3.0605810145139514,"Boston, MA","16000US2507000","boston-ma",113688,8101,10372,7.7130736598534515,111016,2.4068602723931685,2.9266145890637034
0,"Management, Business, Science, & Arts Occupations",2,"Education, Legal, Community Service, Arts, & Media Occupations",5,"Community & Social Service Occupations",2019,"2019","04000US25","Massachusetts",9521,725.2089354110303,1.425815567027114,"Boston, MA","16000US2507000","boston-ma",85791,8069,8990,5.906562847608454,90961,-5.683754576137026,2.494119003085886
0,"Management, Business, Science, & Arts Occupations",2,"Education, Legal, Community Service, Arts, & Media Occupations",6,"Legal Occupations",2019,"2019","04000US25","Massachusetts",7993,630.984151940443,1.8878162620911627,"Boston, MA","16000US2507000","boston-ma",205442,27671,7669,4.224801147476855,198798,3.342085936478234,2.093844469243303
0,"Management, Business, Science, & Arts Occupations",2,"Education, Legal, Community Service, Arts, & Media Occupations",7,"Education Instruction, & Library Occupations",2019,"2019","04000US25","Massachusetts",26543,1112.8414082878116,1.1474427622019603,"Boston, MA","16000US2507000","boston-ma",92057,9412,26150,1.502868068833652,85894,7.175122825808556,6.953198266874139
0,"Management, Business, Science, & Arts Occupations",2,"Education, Legal, Community Service, Arts, & Media Occupations",8,"Arts, Design, Entertainment, Sports, & Media Occupations",2019,"2019","04000US25","Massachusetts",11161,706.3037590159067,1.4457974656320933,"Boston, MA","16000US2507000","boston-ma",103650,6839,10782,3.515117788907438,96697,7.1905022906605165,2.9237330315556744
0,"Management, Business, Science, & Arts Occupations",3,"Healthcare Practitioners & Technical Occupations",9,"Health Diagnosing & Treating Practitioners & Other Technical Occupations",2019,"2019","04000US25","Massachusetts",20225,893.2032243560253,1.2988947174790544,"Boston, MA","16000US2507000","boston-ma",154736,8901,18961,6.666315067770687,150972,2.4931775428556286,5.298136418171626
0,"Management, Business, Science, & Arts Occupations",3,"Healthcare Practitioners & Technical Occupations",10,"Health Technologists & Technicians",2019,"2019","04000US25","Massachusetts",5762,616.0105518576772,0.7751515935092437,"Boston, MA","16000US2507000","boston-ma",106874,19276,5997,-3.9186259796564946,96491,10.760589070483258,1.5094122146603166
1,"Service Occupations",4,"Service Occupations",11,"Healthcare Support Occupations",2019,"2019","04000US25","Massachusetts",14158,828.1799321403531,1.1353458496049498,"Boston, MA","16000US2507000","boston-ma",60095,8188,14028,0.9267179925862561,62246,-3.4556437361436885,3.7088264726068667
1,"Service Occupations",4,"Service Occupations",14,"Food Preparation & Serving Related Occupations",2019,"2019","04000US25","Massachusetts",25540,1314.0243528945725,1.1673542215120554,"Boston, MA","16000US2507000","boston-ma",40570,2450,24523,4.147127186722669,37437,8.368726126559286,6.6904526140965785
1,"Service Occupations",4,"Service Occupations",15,"Building & Grounds Cleaning & Maintenance Occupations",2019,"2019","04000US25","Massachusetts",15692,894.9083751982658,1.0784690866972415,"Boston, MA","16000US2507000","boston-ma",50639,2766,16255,-3.4635496770224545,47230,7.217869997882702,4.110672765090192
1,"Service Occupations",4,"Service Occupations",16,"Personal Care & Service Occupations",2019,"2019","04000US25","Massachusetts",11792,723.4092894067645,1.0985091848710307,"Boston, MA","16000US2507000","boston-ma",42956,7244,11812,-0.16931933626820184,41205,4.249484285887635,3.0890296486071596
1,"Service Occupations",5,"Protective Service Occupations",12,"Fire Fighting & Prevention, & Other Protective Service Workers Including Supervisors",2019,"2019","04000US25","Massachusetts",5736,619.3876007799962,1.2806944301062844,"Boston, MA","16000US2507000","boston-ma",50160,10225,5883,-2.498725140234574,53334,-5.951175610304872,1.50260126055043
1,"Service Occupations",5,"Protective Service Occupations",13,"Law Enforcement Workers Including Supervisors",2019,"2019","04000US25","Massachusetts",2502,376.19808611953357,0.6838892681052957,"Boston, MA","16000US2507000","boston-ma",158333,28914,2594,-3.546646106399383,156262,1.3253382140251628,0.6554233531898841
2,"Sales & Office Occupations",6,"Sales & Office Occupations",17,"Sales & Related Occupations",2019,"2019","04000US25","Massachusetts",32206,1311.6173222399893,0.825897316779887,"Boston, MA","16000US2507000","boston-ma",71234,4609,31014,3.843425549751725,70421,1.1544851677766577,8.436676463962193
2,"Sales & Office Occupations",6,"Sales & Office Occupations",18,"Office & Administrative Support Occupations",2019,"2019","04000US25","Massachusetts",40599,1376.8634645454138,0.9317478773871473,"Boston, MA","16000US2507000","boston-ma",75702,4598,40526,0.18013127375018506,75038,0.8848849916042537,10.635304842588372
3,"Natural Resources, Construction, & Maintenance Occupations",7,"Natural Resources, Construction, & Maintenance Occupations",19,"Farming, Fishing, & Forestry Occupations",2019,"2019","04000US25","Massachusetts",229,95.60334722173697,0.08870895989114275,"Boston, MA","16000US2507000","boston-ma",68479,37344,266,-13.909774436090224,50558,35.446417975394596,0.05998878812169603
3,"Natural Resources, Construction, & Maintenance Occupations",7,"Natural Resources, Construction, & Maintenance Occupations",20,"Construction & Extraction Occupations",2019,"2019","04000US25","Massachusetts",10325,938.3442864961665,0.5306806647766618,"Boston, MA","16000US2507000","boston-ma",73225,17681,10784,-4.256305637982196,75301,-2.7569354988645567,2.704734660945465
3,"Natural Resources, Construction, & Maintenance Occupations",7,"Natural Resources, Construction, & Maintenance Occupations",21,"Installation, Maintenance, & Repair Occupations",2019,"2019","04000US25","Massachusetts",4247,463.7510107805697,0.36078685020472107,"Boston, MA","16000US2507000","boston-ma",135435,59371,4141,2.559768171939145,91757,47.60181784496006,1.1125431578726772
4,"Production, Transportation, & Material Moving Occupations",8,"Production, Transportation, & Material Moving Occupations",22,"Production Occupations",2019,"2019","04000US25","Massachusetts",8366,685.8950357015277,0.3829296802252167,"Boston, MA","16000US2507000","boston-ma",71022,5518,8569,-2.369004551289532,66428,6.9157584151261515,2.191555464742834
4,"Production, Transportation, & Material Moving Occupations",8,"Production, Transportation, & Material Moving Occupations",23,"Transportation Occupations",2019,"2019","04000US25","Massachusetts",10444,764.6417461792157,0.7204515712303543,"Boston, MA","16000US2507000","boston-ma",57943,9807,9734,7.294020957468667,64276,-9.852822204244196,2.7359078739868705
0,"Management, Business, Science, & Arts Occupations",0,"Management, Business, & Financial Occupations",0,"Management Occupations",2018,"2018","04000US25","Massachusetts",40648,1272.1560438876984,1.0967627100467805,"Boston, MA","16000US2507000","boston-ma",162526,5326,41922,-3.0389771480368304,158975,2.2336845415945903,10.960381596438577
0,"Management, Business, Science, & Arts Occupations",0,"Management, Business, & Financial Occupations",1,"Business & Financial Operations Occupations",2018,"2018","04000US25","Massachusetts",32146,1150.4803344690424,1.6306294108598853,"Boston, MA","16000US2507000","boston-ma",144132,5023,29463,9.106336761361709,136758,5.392006317729128,8.66789083839585
0,"Management, Business, Science, & Arts Occupations",1,"Computer, Engineering, & Science Occupations",2,"Computer & Mathematical Occupations",2018,"2018","04000US25","Massachusetts",15983,846.518753483938,1.4205428554665311,"Boston, MA","16000US2507000","boston-ma",154156,10933,14802,7.978651533576543,151411,1.8129462192310997,4.309677697694297
0,"Management, Business, Science, & Arts Occupations",1,"Computer, Engineering, & Science Occupations",3,"Architecture & Engineering Occupations",2018,"2018","04000US25","Massachusetts",6322,560.8074535881277,0.9226125317756114,"Boston, MA","16000US2507000","boston-ma",130188,11611,6121,3.2837771605946737,129501,0.5304978339935599,1.7046726149548486
0,"Management, Business, Science, & Arts Occupations",1,"Computer, Engineering, & Science Occupations",4,"Life, Physical, & Social Science Occupations",2018,"2018","04000US25","Massachusetts",10372,659.4619018563543,3.0162480511636547,"Boston, MA","16000US2507000","boston-ma",111016,9727,9531,8.823838002308257,105416,5.3122865599150035,2.79672008261811
0,"Management, Business, Science, & Arts Occupations",2,"Education, Legal, Community Service, Arts, & Media Occupations",5,"Community & Social Service Occupations",2018,"2018","04000US25","Massachusetts",8990,784.6177413237608,1.4019617338804216,"Boston, MA","16000US2507000","boston-ma",90961,9956,8668,3.71481310567605,88115,3.229870056176588,2.4240757368623993
0,"Management, Business, Science, & Arts Occupations",2,"Education, Legal, Community Service, Arts, & Media Occupations",6,"Legal Occupations",2018,"2018","04000US25","Massachusetts",7669,576.8231964822497,1.8742967375171673,"Boston, MA","16000US2507000","boston-ma",198798,27487,7318,4.796392456955452,197174,0.8236380050108026,2.067879513459148
0,"Management, Business, Science, & Arts Occupations",2,"Education, Legal, Community Service, Arts, & Media Occupations",7,"Education Instruction, & Library Occupations",2018,"2018","04000US25","Massachusetts",26150,1092.469679213112,1.1699274201754635,"Boston, MA","16000US2507000","boston-ma",85894,8551,25317,3.2902792589959318,81773,5.039560735205997,7.051121303554142
0,"Management, Business, Science, & Arts Occupations",2,"Education, Legal, Community Service, Arts, & Media Occupations",8,"Arts, Design, Entertainment, Sports, & Media Occupations",2018,"2018","04000US25","Massachusetts",10782,791.6849120704524,1.452006493617159,"Boston, MA","16000US2507000","boston-ma",96697,7855,10886,-0.9553555024802498,94117,2.7412688462233175,2.9072730361346375
0,"Management, Business, Science, & Arts Occupations",3,"Healthcare Practitioners & Technical Occupations",9,"Health Diagnosing & Treating Practitioners & Other Technical Occupations",2018,"2018","04000US25","Massachusetts",18961,863.6602341198766,1.2727843542567183,"Boston, MA","16000US2507000","boston-ma",150972,10283,17894,5.96289258969487,145748,3.584268737821445,5.112669638114344
0,"Management, Business, Science, & Arts Occupations",3,"Healthcare Practitioners & Technical Occupations",10,"Health Technologists & Technicians",2018,"2018","04000US25","Massachusetts",5997,517.2794215895312,0.8329391870098263,"Boston, MA","16000US2507000","boston-ma",96491,13558,5423,10.58454729854324,91683,5.244156495751666,1.6170391761917473
1,"Service Occupations",4,"Service Occupations",11,"Healthcare Support Occupations",2018,"2018","04000US25","Massachusetts",14028,869.1173683686227,1.1631556538571977,"Boston, MA","16000US2507000","boston-ma",62246,6096,10632,31.94130925507901,70287,-11.440237881827366,3.782528858365488
1,"Service Occupations",4,"Service Occupations",14,"Food Preparation & Serving Related Occupations",2018,"2018","04000US25","Massachusetts",24523,1262.347416522092,1.14642008709763,"Boston, MA","16000US2507000","boston-ma",37437,2577,25307,-3.097957086971984,35753,4.710094257824518,6.612414827038555
1,"Service Occupations",4,"Service Occupations",15,"Building & Grounds Cleaning & Maintenance Occupations",2018,"2018","04000US25","Massachusetts",16255,1058.6429993156332,1.1312693131520994,"Boston, MA","16000US2507000","boston-ma",47230,4145,16900,-3.816568047337278,43793,7.848286255794306,4.383020144905261
1,"Service Occupations",4,"Service Occupations",16,"Personal Care & Service Occupations",2018,"2018","04000US25","Massachusetts",11812,766.3798014039776,1.1289112222730073,"Boston, MA","16000US2507000","boston-ma",41205,7128,15007,-21.290064636502965,38034,8.337277173055686,3.185003626676158
1,"Service Occupations",5,"Protective Service Occupations",12,"Fire Fighting & Prevention, & Other Protective Service Workers Including Supervisors",2018,"2018","04000US25","Massachusetts",5883,537.527673706201,1.3532280508790284,"Boston, MA","16000US2507000","boston-ma",53334,12355,5974,-1.5232674924673586,50727,5.1392749423384,1.5863000622871517
1,"Service Occupations",5,"Protective Service Occupations",13,"Law Enforcement Workers Including Supervisors",2018,"2018","04000US25","Massachusetts",2594,356.1305940241585,0.7226052365404462,"Boston, MA","16000US2507000","boston-ma",156262,17353,2543,2.005505308690523,146064,6.981870960674772,0.6994496620045677
2,"Sales & Office Occupations",6,"Sales & Office Occupations",17,"Sales & Related Occupations",2018,"2018","04000US25","Massachusetts",31014,1282.070590880237,0.8036183800490433,"Boston, MA","16000US2507000","boston-ma",70421,5265,31000,0.04516129032258064,66237,6.316711203707897,8.362656830150216
2,"Sales & Office Occupations",6,"Sales & Office Occupations",18,"Office & Administrative Support Occupations",2018,"2018","04000US25","Massachusetts",40526,1440.2451180267892,0.9367751358121253,"Boston, MA","16000US2507000","boston-ma",75038,4555,42291,-4.1734648033860635,69081,8.623210434128053,10.92748535173366
3,"Natural Resources, Construction, & Maintenance Occupations",7,"Natural Resources, Construction, & Maintenance Occupations",19,"Farming, Fishing, & Forestry Occupations",2018,"2018","04000US25","Massachusetts",266,114.54693361238441,0.10253066688240883,"Boston, MA","16000US2507000","boston-ma",50558,28476,377,-29.44297082228117,43531,16.142519124302222,0.07172459911072282
3,"Natural Resources, Construction, & Maintenance Occupations",7,"Natural Resources, Construction, & Maintenance Occupations",20,"Construction & Extraction Occupations",2018,"2018","04000US25","Massachusetts",10784,773.2121313067973,0.5722558398192363,"Boston, MA","16000US2507000","boston-ma",75301,15919,10540,2.314990512333966,72452,3.9322585987964445,2.907812318834718
3,"Natural Resources, Construction, & Maintenance Occupations",7,"Natural Resources, Construction, & Maintenance Occupations",21,"Installation, Maintenance, & Repair Occupations",2018,"2018","04000US25","Massachusetts",4141,465.43098306838147,0.361022594393681,"Boston, MA","16000US2507000","boston-ma",91757,59362,4119,0.5341102209274096,83599,9.758489934090122,1.1165848305169295
4,"Production, Transportation, & Material Moving Occupations",8,"Production, Transportation, & Material Moving Occupations",22,"Production Occupations",2018,"2018","04000US25","Massachusetts",8569,776.6163789156136,0.3982305312252124,"Boston, MA","16000US2507000","boston-ma",66428,6616,8962,-4.385181879044856,60427,9.93099111324408,2.3105567284954285
4,"Production, Transportation, & Material Moving Occupations",8,"Production, Transportation, & Material Moving Occupations",23,"Transportation Occupations",2018,"2018","04000US25","Massachusetts",9734,679.7308290786876,0.7027100503761402,"Boston, MA","16000US2507000","boston-ma",64276,20029,9130,6.615553121577218,71873,-10.570033253099217,2.6246889012923913
0,"Management, Business, Science, & Arts Occupations",0,"Management, Business, & Financial Occupations",0,"Management Occupations",2017,"2017","04000US25","Massachusetts",41922,1345.6782676405235,1.1235078857090308,"Boston, MA","16000US2507000","boston-ma",158975,4574,38397,9.180404719118682,153331,3.680925579302294,11.499877929352643
0,"Management, Business, Science, & Arts Occupations",0,"Management, Business, & Financial Occupations",1,"Business & Financial Operations Occupations",2017,"2017","04000US25","Massachusetts",29463,1179.9025383479773,1.660443264312983,"Boston, MA","16000US2507000","boston-ma",136758,5400,28843,2.1495683528065737,133791,2.21763795771016,8.082174119376864
0,"Management, Business, Science, & Arts Occupations",1,"Computer, Engineering, & Science Occupations",2,"Computer & Mathematical Occupations",2017,"2017","04000US25","Massachusetts",14802,879.3861495384152,1.4098595151317583,"Boston, MA","16000US2507000","boston-ma",151411,9495,13864,6.765724177726486,140581,7.703743749155291,4.060426342022752
0,"Management, Business, Science, & Arts Occupations",1,"Computer, Engineering, & Science Occupations",3,"Architecture & Engineering Occupations",2017,"2017","04000US25","Massachusetts",6121,563.4935669552937,0.9133156654829568,"Boston, MA","16000US2507000","boston-ma",129501,13046,5578,9.734671925421297,119092,8.740301615557721,1.6790886123173396
0,"Management, Business, Science, & Arts Occupations",1,"Computer, Engineering, & Science Occupations",4,"Life, Physical, & Social Science Occupations",2017,"2017","04000US25","Massachusetts",9531,635.139354787593,2.979665075545503,"Boston, MA","16000US2507000","boston-ma",105416,9026,9351,1.9249278152069296,100489,4.90302421160525,2.6145063819631704
0,"Management, Business, Science, & Arts Occupations",2,"Education, Legal, Community Service, Arts, & Media Occupations",5,"Community & Social Service Occupations",2017,"2017","04000US25","Massachusetts",8668,716.1347638538433,1.392201676243088,"Boston, MA","16000US2507000","boston-ma",88115,12320,8361,3.671809592154049,84539,4.230000354865802,2.377771620906176
0,"Management, Business, Science, & Arts Occupations",2,"Education, Legal, Community Service, Arts, & Media Occupations",6,"Legal Occupations",2017,"2017","04000US25","Massachusetts",7318,550.2726596879043,1.77124540699691,"Boston, MA","16000US2507000","boston-ma",197174,31105,7256,0.8544652701212789,181540,8.611876170540928,2.0074449379085593
0,"Management, Business, Science, & Arts Occupations",2,"Education, Legal, Community Service, Arts, & Media Occupations",7,"Education Instruction, & Library Occupations",2017,"2017","04000US25","Massachusetts",25317,1121.6389793511994,1.1493427630571096,"Boston, MA","16000US2507000","boston-ma",81773,7336,25173,0.572041473006793,78242,4.512921448838219,6.944859728481963
0,"Management, Business, Science, & Arts Occupations",2,"Education, Legal, Community Service, Arts, & Media Occupations",8,"Arts, Design, Entertainment, Sports, & Media Occupations",2017,"2017","04000US25","Massachusetts",10886,710.9043536229048,1.510452716382026,"Boston, MA","16000US2507000","boston-ma",94117,8026,10247,6.2359715038547865,85823,9.664076063526094,2.986204645268185
0,"Management, Business, Science, & Arts Occupations",3,"Healthcare Practitioners & Technical Occupations",9,"Health Diagnosing & Treating Practitioners & Other Technical Occupations",2017,"2017","04000US25","Massachusetts",17894,884.6383441836557,1.2291669585744662,"Boston, MA","16000US2507000","boston-ma",145748,7190,17145,4.36862058909303,144843,0.6248144542711764,4.9086116041180325
0,"Management, Business, Science, & Arts Occupations",3,"Healthcare Practitioners & Technical Occupations",10,"Health Technologists & Technicians",2017,"2017","04000US25","Massachusetts",5423,519.0761023202667,0.7864963724881323,"Boston, MA","16000US2507000","boston-ma",91683,18627,5486,-1.148377688662049,84622,8.344165819763182,1.4876160014044981
1,"Service Occupations",4,"Service Occupations",11,"Healthcare Support Occupations",2017,"2017","04000US25","Massachusetts",10632,678.9668622252487,1.22035630614091,"Boston, MA","16000US2507000","boston-ma",70287,5726,10692,-0.5611672278338945,65227,7.757523724837874,2.9165283656523373
1,"Service Occupations",4,"Service Occupations",14,"Food Preparation & Serving Related Occupations",2017,"2017","04000US25","Massachusetts",25307,1249.0096076491966,1.1974863554028394,"Boston, MA","16000US2507000","boston-ma",35753,2031,23660,6.961115807269653,35244,1.4442174554534104,6.942116567867165
1,"Service Occupations",4,"Service Occupations",15,"Building & Grounds Cleaning & Maintenance Occupations",2017,"2017","04000US25","Massachusetts",16900,1025.597386892147,1.1875676940384952,"Boston, MA","16000US2507000","boston-ma",43793,3464,16932,-0.18899125915426412,43197,1.379725443896567,4.635941439007196
1,"Service Occupations",4,"Service Occupations",16,"Personal Care & Service Occupations",2017,"2017","04000US25","Massachusetts",15007,863.6770229663401,1.105353360821263,"Boston, MA","16000US2507000","boston-ma",38034,4576,14310,4.870719776380153,40811,-6.804537992207983,4.116661134626094
1,"Service Occupations",5,"Protective Service Occupations",12,"Fire Fighting & Prevention, & Other Protective Service Workers Including Supervisors",2017,"2017","04000US25","Massachusetts",5974,635.8152247312107,1.383455215972714,"Boston, MA","16000US2507000","boston-ma",50727,11490,5645,5.8281665190434015,45906,10.501895177101032,1.6387641512798214
1,"Service Occupations",5,"Protective Service Occupations",13,"Law Enforcement Workers Including Supervisors",2017,"2017","04000US25","Massachusetts",2543,415.9146547069483,0.7182759504334835,"Boston, MA","16000US2507000","boston-ma",146064,21694,2681,-5.147333084669899,144925,0.7859237536656892,0.697585744342917
2,"Sales & Office Occupations",6,"Sales & Office Occupations",17,"Sales & Related Occupations",2017,"2017","04000US25","Massachusetts",31000,1243.0868835282592,0.8063235735846952,"Boston, MA","16000US2507000","boston-ma",66237,4277,30412,1.9334473234249638,63625,4.105304518664047,8.503797905871187
2,"Sales & Office Occupations",6,"Sales & Office Occupations",18,"Office & Administrative Support Occupations",2017,"2017","04000US25","Massachusetts",42291,1360.68512154723,0.8933092294701992,"Boston, MA","16000US2507000","boston-ma",69081,4504,43671,-3.1599917565432434,67417,2.4682201818532414,11.601100556038658
3,"Natural Resources, Construction, & Maintenance Occupations",7,"Natural Resources, Construction, & Maintenance Occupations",19,"Farming, Fishing, & Forestry Occupations",2017,"2017","04000US25","Massachusetts",377,149.40214188558343,0.1463101248342871,"Boston, MA","16000US2507000","boston-ma",43531,38783,435,-13.333333333333334,44670,-2.549809715692859,0.10341715517785283
3,"Natural Resources, Construction, & Maintenance Occupations",7,"Natural Resources, Construction, & Maintenance Occupations",20,"Construction & Extraction Occupations",2017,"2017","04000US25","Massachusetts",10540,946.0655368419251,0.5740226823526967,"Boston, MA","16000US2507000","boston-ma",72452,16819,10324,2.092212320805889,68212,6.215915088254266,2.8912912879962036
3,"Natural Resources, Construction, & Maintenance Occupations",7,"Natural Resources, Construction, & Maintenance Occupations",21,"Installation, Maintenance, & Repair Occupations",2017,"2017","04000US25","Massachusetts",4119,489.51915182145837,0.36038915164742696,"Boston, MA","16000US2507000","boston-ma",83599,22919,3829,7.573779054583442,83194,0.4868139529292978,1.129907857234949
4,"Production, Transportation, & Material Moving Occupations",8,"Production, Transportation, & Material Moving Occupations",22,"Production Occupations",2017,"2017","04000US25","Massachusetts",8962,704.9312023169352,0.4186897948844046,"Boston, MA","16000US2507000","boston-ma",60427,5777,8986,-0.26708212775428447,56251,7.423868020124087,2.4584205429812123
4,"Production, Transportation, & Material Moving Occupations",8,"Production, Transportation, & Material Moving Occupations",23,"Transportation Occupations",2017,"2017","04000US25","Massachusetts",9130,781.1081871290302,0.6811816138095728,"Boston, MA","16000US2507000","boston-ma",71873,9718,8461,7.906866800614584,71137,1.0346233324430325,2.5045056413098044
0,"Management, Business, Science, & Arts Occupations",0,"Management, Business, & Financial Occupations",0,"Management Occupations",2016,"2016","04000US25","Massachusetts",38397,1362.2690629974682,1.0797391784335348,"Boston, MA","16000US2507000","boston-ma",153331,4918,36583,4.958587321980155,148162,3.4887488019870143,10.835835553348083
0,"Management, Business, Science, & Arts Occupations",0,"Management, Business, & Financial Occupations",1,"Business & Financial Operations Occupations",2016,"2016","04000US25","Massachusetts",28843,1047.215355120426,1.6877476162802023,"Boston, MA","16000US2507000","boston-ma",133791,6175,27608,4.473341060562156,130241,2.725716172326687,8.139646453244232
0,"Management, Business, Science, & Arts Occupations",1,"Computer, Engineering, & Science Occupations",2,"Computer & Mathematical Occupations",2016,"2016","04000US25","Massachusetts",13864,833.145845575671,1.4018875266374227,"Boston, MA","16000US2507000","boston-ma",140581,7612,13020,6.482334869431644,138063,1.823805074494977,3.912493791484174
0,"Management, Business, Science, & Arts Occupations",1,"Computer, Engineering, & Science Occupations",3,"Architecture & Engineering Occupations",2016,"2016","04000US25","Massachusetts",5578,510.88256967722043,0.8604373798403228,"Boston, MA","16000US2507000","boston-ma",119092,10007,5258,6.085964244960061,118142,0.8041170794467675,1.5741409671738835
0,"Management, Business, Science, & Arts Occupations",1,"Computer, Engineering, & Science Occupations",4,"Life, Physical, & Social Science Occupations",2016,"2016","04000US25","Massachusetts",9351,652.2116220982266,3.014161734700774,"Boston, MA","16000US2507000","boston-ma",100489,10553,9222,1.398828887443071,97478,3.0889021112456145,2.6389014313451034
0,"Management, Business, Science, & Arts Occupations",2,"Education, Legal, Community Service, Arts, & Media Occupations",5,"Community & Social Service Occupations",2016,"2016","04000US25","Massachusetts",8361,681.231972238532,1.3970311499337287,"Boston, MA","16000US2507000","boston-ma",84539,9731,8465,-1.2285883047844064,81925,3.190723222459567,2.359518219171897
0,"Management, Business, Science, & Arts Occupations",2,"Education, Legal, Community Service, Arts, & Media Occupations",6,"Legal Occupations",2016,"2016","04000US25","Massachusetts",7256,543.3231082882451,1.7907067153908118,"Boston, MA","16000US2507000","boston-ma",181540,27284,7131,1.7529098303183284,175764,3.2862247104071365,2.047681401544227
0,"Management, Business, Science, & Arts Occupations",2,"Education, Legal, Community Service, Arts, & Media Occupations",7,"Education Instruction, & Library Occupations",2016,"2016","04000US25","Massachusetts",25173,987.6406228988355,1.1735463400114383,"Boston, MA","16000US2507000","boston-ma",78242,4859,25126,0.18705723155297302,77791,0.5797585838978803,7.103953131349619
0,"Management, Business, Science, & Arts Occupations",2,"Education, Legal, Community Service, Arts, & Media Occupations",8,"Arts, Design, Entertainment, Sports, & Media Occupations",2016,"2016","04000US25","Massachusetts",10247,673.8731334605944,1.4794808419625514,"Boston, MA","16000US2507000","boston-ma",85823,8431,10355,-1.04297440849831,81530,5.265546424628971,2.891757348625096
0,"Management, Business, Science, & Arts Occupations",3,"Healthcare Practitioners & Technical Occupations",9,"Health Diagnosing & Treating Practitioners & Other Technical Occupations",2016,"2016","04000US25","Massachusetts",17145,848.645980371085,1.2248511712766605,"Boston, MA","16000US2507000","boston-ma",144843,5313,16086,6.583364416262588,145504,-0.45428304376511985,4.838409265363254
0,"Management, Business, Science, & Arts Occupations",3,"Healthcare Practitioners & Technical Occupations",10,"Health Technologists & Technicians",2016,"2016","04000US25","Massachusetts",5486,515.2184002925362,0.8373382080648789,"Boston, MA","16000US2507000","boston-ma",84622,15414,5217,5.156220049837071,83082,1.853590428733059,1.5481780828103129
1,"Service Occupations",4,"Service Occupations",11,"Healthcare Support Occupations",2016,"2016","04000US25","Massachusetts",10692,818.9126937592309,1.2353715210077219,"Boston, MA","16000US2507000","boston-ma",65227,7632,10565,1.2020823473734028,64153,1.674122800180818,3.017338691470628
1,"Service Occupations",4,"Service Occupations",14,"Food Preparation & Serving Related Occupations",2016,"2016","04000US25","Massachusetts",23660,1229.8756034656512,1.150164301928295,"Boston, MA","16000US2507000","boston-ma",35244,1884,23043,2.6776027426984332,35340,-0.27164685908319186,6.67697656567481
1,"Service Occupations",4,"Service Occupations",15,"Building & Grounds Cleaning & Maintenance Occupations",2016,"2016","04000US25","Massachusetts",16932,894.7586266697853,1.2107293972530795,"Boston, MA","16000US2507000","boston-ma",43197,3237,16296,3.90279823269514,43361,-0.37822005950047277,4.778299543956292
1,"Service Occupations",4,"Service Occupations",16,"Personal Care & Service Occupations",2016,"2016","04000US25","Massachusetts",14310,1005.0039800916214,1.0874670854885558,"Boston, MA","16000US2507000","boston-ma",40811,6836,13998,2.2288898414059153,36623,11.435436747399175,4.038357339594527
1,"Service Occupations",5,"Protective Service Occupations",12,"Fire Fighting & Prevention, & Other Protective Service Workers Including Supervisors",2016,"2016","04000US25","Massachusetts",5645,557.0466766797914,1.3264277191205351,"Boston, MA","16000US2507000","boston-ma",45906,13305,5985,-5.680868838763575,47462,-3.2784122034469685,1.5930487199169188
1,"Service Occupations",5,"Protective Service Occupations",13,"Law Enforcement Workers Including Supervisors",2016,"2016","04000US25","Massachusetts",2681,359.6067296366963,0.7755556653983098,"Boston, MA","16000US2507000","boston-ma",144925,18380,2626,2.0944402132520943,150356,-3.6120939636595817,0.7565923149862284
2,"Sales & Office Occupations",6,"Sales & Office Occupations",17,"Sales & Related Occupations",2016,"2016","04000US25","Massachusetts",30412,1202.0948381887347,0.8032255888864744,"Boston, MA","16000US2507000","boston-ma",63625,5490,29837,1.9271374467942488,61545,3.3796409131529774,8.58242651374904
2,"Sales & Office Occupations",6,"Sales & Office Occupations",18,"Office & Administrative Support Occupations",2016,"2016","04000US25","Massachusetts",43671,1339.9761191901891,0.9368772340492573,"Boston, MA","16000US2507000","boston-ma",67417,4991,42767,2.113779315827624,63778,5.705729248330145,12.324186120016254
3,"Natural Resources, Construction, & Maintenance Occupations",7,"Natural Resources, Construction, & Maintenance Occupations",19,"Farming, Fishing, & Forestry Occupations",2016,"2016","04000US25","Massachusetts",435,172.62676501632072,0.1718563945090618,"Boston, MA","16000US2507000","boston-ma",44670,17638,407,6.87960687960688,35127,27.167136390810487,0.12275929019731793
3,"Natural Resources, Construction, & Maintenance Occupations",7,"Natural Resources, Construction, & Maintenance Occupations",20,"Construction & Extraction Occupations",2016,"2016","04000US25","Massachusetts",10324,707.7994066117885,0.5823598461208312,"Boston, MA","16000US2507000","boston-ma",68212,12349,9937,3.894535574116937,56549,20.62459106261826,2.9134871540163454
3,"Natural Resources, Construction, & Maintenance Occupations",7,"Natural Resources, Construction, & Maintenance Occupations",21,"Installation, Maintenance, & Repair Occupations",2016,"2016","04000US25","Massachusetts",3829,480.28324975997236,0.33953732611503884,"Boston, MA","16000US2507000","boston-ma",83194,33369,4053,-5.526770293609672,84008,-0.9689553375868964,1.080563959001219
4,"Production, Transportation, & Material Moving Occupations",8,"Production, Transportation, & Material Moving Occupations",22,"Production Occupations",2016,"2016","04000US25","Massachusetts",8986,563.0381869820199,0.42792360462985335,"Boston, MA","16000US2507000","boston-ma",56251,6968,8572,4.829678021465235,55546,1.2692183055485544,2.535896509685285
4,"Production, Transportation, & Material Moving Occupations",8,"Production, Transportation, & Material Moving Occupations",23,"Transportation Occupations",2016,"2016","04000US25","Massachusetts",8461,649.7484128491581,0.6552875218522034,"Boston, MA","16000US2507000","boston-ma",71137,7952,8408,0.6303520456707897,64702,9.945596735804148,2.3877387456540387
0,"Management, Business, Science, & Arts Occupations",0,"Management, Business, & Financial Occupations",0,"Management Occupations",2015,"2015","04000US25","Massachusetts",36583,1257.243015490641,1.0716085224201957,"Boston, MA","16000US2507000","boston-ma",148162,5645,35218,3.8758589357714803,144564,2.4888630641100136,10.588514516768598
0,"Management, Business, Science, & Arts Occupations",0,"Management, Business, & Financial Occupations",1,"Business & Financial Operations Occupations",2015,"2015","04000US25","Massachusetts",27608,1175.3488843743378,1.6648430265748622,"Boston, MA","16000US2507000","boston-ma",130241,6184,26633,3.660871850711523,129343,0.694278004994472,7.9908074455060385
0,"Management, Business, Science, & Arts Occupations",1,"Computer, Engineering, & Science Occupations",2,"Computer & Mathematical Occupations",2015,"2015","04000US25","Massachusetts",13020,772.5885062567265,1.3902409912500735,"Boston, MA","16000US2507000","boston-ma",138063,8019,12384,5.135658914728682,138605,-0.3910392842971033,3.7684842415418944
0,"Management, Business, Science, & Arts Occupations",1,"Computer, Engineering, & Science Occupations",3,"Architecture & Engineering Occupations",2015,"2015","04000US25","Massachusetts",5258,507.6317562958409,0.8335996570746219,"Boston, MA","16000US2507000","boston-ma",118142,9243,5268,-0.18982536066818526,116174,1.6940107080758173,1.521865602306243
0,"Management, Business, Science, & Arts Occupations",1,"Computer, Engineering, & Science Occupations",4,"Life, Physical, & Social Science Occupations",2015,"2015","04000US25","Massachusetts",9222,629.6364030136758,3.0401093558905523,"Boston, MA","16000US2507000","boston-ma",97478,11518,8871,3.9567128846804196,91952,6.009657212458674,2.669198285368614
0,"Management, Business, Science, & Arts Occupations",2,"Education, Legal, Community Service, Arts, & Media Occupations",5,"Community & Social Service Occupations",2015,"2015","04000US25","Massachusetts",8465,683.421539022586,1.4601988011802995,"Boston, MA","16000US2507000","boston-ma",81925,4555,7883,7.38297602435621,80762,1.4400336792055668,2.450093633229811
0,"Management, Business, Science, & Arts Occupations",2,"Education, Legal, Community Service, Arts, & Media Occupations",6,"Legal Occupations",2015,"2015","04000US25","Massachusetts",7131,555.1801509420163,1.7903409609163485,"Boston, MA","16000US2507000","boston-ma",175764,30843,7253,-1.6820625947883634,167615,4.861736718074158,2.0639831894343508
0,"Management, Business, Science, & Arts Occupations",2,"Education, Legal, Community Service, Arts, & Media Occupations",7,"Education Instruction, & Library Occupations",2015,"2015","04000US25","Massachusetts",25126,1094.9091286494966,1.1965294161150395,"Boston, MA","16000US2507000","boston-ma",77791,8361,24129,4.131957395664967,78163,-0.4759285083735272,7.272422047080003
0,"Management, Business, Science, & Arts Occupations",2,"Education, Legal, Community Service, Arts, & Media Occupations",8,"Arts, Design, Entertainment, Sports, & Media Occupations",2015,"2015","04000US25","Massachusetts",10355,781.4940818713857,1.5544902489644408,"Boston, MA","16000US2507000","boston-ma",81530,8273,10273,0.7982088971089263,80868,0.8186179947568878,2.997131668292344
0,"Management, Business, Science, & Arts Occupations",3,"Healthcare Practitioners & Technical Occupations",9,"Health Diagnosing & Treating Practitioners & Other Technical Occupations",2015,"2015","04000US25","Massachusetts",16086,854.1522112597963,1.1896360228346536,"Boston, MA","16000US2507000","boston-ma",145504,11861,14815,8.579142760715492,143670,1.2765365072736132,4.655901498421115
0,"Management, Business, Science, & Arts Occupations",3,"Healthcare Practitioners & Technical Occupations",10,"Health Technologists & Technicians",2015,"2015","04000US25","Massachusetts",5217,465.2418725781247,0.8314363162022335,"Boston, MA","16000US2507000","boston-ma",83082,13571,4953,5.3301029678982434,76854,8.10367710203763,1.5099986396408651
1,"Service Occupations",4,"Service Occupations",11,"Healthcare Support Occupations",2015,"2015","04000US25","Massachusetts",10565,715.1181720527035,1.2310485141959877,"Boston, MA","16000US2507000","boston-ma",64153,5754,9895,6.771096513390601,63856,0.4651089952392884,3.057913672188181
1,"Service Occupations",4,"Service Occupations",14,"Food Preparation & Serving Related Occupations",2015,"2015","04000US25","Massachusetts",23043,1119.594569475933,1.1514725792941773,"Boston, MA","16000US2507000","boston-ma",35340,2116,23380,-1.4414029084687767,34757,1.6773599562678023,6.669522456056058
1,"Service Occupations",4,"Service Occupations",15,"Building & Grounds Cleaning & Maintenance Occupations",2015,"2015","04000US25","Massachusetts",16296,896.2951522796495,1.1857199241366758,"Boston, MA","16000US2507000","boston-ma",43361,3801,14804,10.078357200756551,43876,-1.1737624213693134,4.716683502316952
1,"Service Occupations",4,"Service Occupations",16,"Personal Care & Service Occupations",2015,"2015","04000US25","Massachusetts",13998,820.3810090439684,1.099790662522116,"Boston, MA","16000US2507000","boston-ma",36623,4309,14120,-0.8640226628895183,35630,2.7869772663485826,4.051554716828221
1,"Service Occupations",5,"Protective Service Occupations",12,"Fire Fighting & Prevention, & Other Protective Service Workers Including Supervisors",2015,"2015","04000US25","Massachusetts",5985,546.7696041295638,1.4166250002000083,"Boston, MA","16000US2507000","boston-ma",47462,8000,5970,0.25125628140703515,47111,0.7450489270021864,1.7322871110313547
1,"Service Occupations",5,"Protective Service Occupations",13,"Law Enforcement Workers Including Supervisors",2015,"2015","04000US25","Massachusetts",2626,381.74467907228257,0.7717635897403601,"Boston, MA","16000US2507000","boston-ma",150356,17161,2447,7.315079689415612,143738,4.6042104384366,0.7600644868117523
2,"Sales & Office Occupations",6,"Sales & Office Occupations",17,"Sales & Related Occupations",2015,"2015","04000US25","Massachusetts",29837,1261.9001545288756,0.8016110766737939,"Boston, MA","16000US2507000","boston-ma",61545,7153,29376,1.5693082788671024,59674,3.1353688373495996,8.635965001143282
2,"Sales & Office Occupations",6,"Sales & Office Occupations",18,"Office & Administrative Support Occupations",2015,"2015","04000US25","Massachusetts",42767,1336.965220190862,0.9301093551975145,"Boston, MA","16000US2507000","boston-ma",63778,3956,41990,1.850440581090736,63040,1.1706852791878173,12.378399812444101
3,"Natural Resources, Construction, & Maintenance Occupations",7,"Natural Resources, Construction, & Maintenance Occupations",19,"Farming, Fishing, & Forestry Occupations",2015,"2015","04000US25","Massachusetts",407,147.82760229402354,0.16179239603030185,"Boston, MA","16000US2507000","boston-ma",35127,15513,378,7.671957671957672,43369,-19.0043579515322,0.11780131231240792
3,"Natural Resources, Construction, & Maintenance Occupations",7,"Natural Resources, Construction, & Maintenance Occupations",20,"Construction & Extraction Occupations",2015,"2015","04000US25","Massachusetts",9937,768.9713908852526,0.5755335214287842,"Boston, MA","16000US2507000","boston-ma",56549,29945,9163,8.447015169704246,77467,-27.002465565982938,2.8761465367282497
3,"Natural Resources, Construction, & Maintenance Occupations",7,"Natural Resources, Construction, & Maintenance Occupations",21,"Installation, Maintenance, & Repair Occupations",2015,"2015","04000US25","Massachusetts",4053,505.2613185273537,0.3642546139524282,"Boston, MA","16000US2507000","boston-ma",84008,43901,4087,-0.8319060435527282,104521,-19.625721146946546,1.1730926751896542
4,"Production, Transportation, & Material Moving Occupations",8,"Production, Transportation, & Material Moving Occupations",22,"Production Occupations",2015,"2015","04000US25","Massachusetts",8572,613.4117703468038,0.41591157734149414,"Boston, MA","16000US2507000","boston-ma",55546,5121,8428,1.7085904129093499,57172,-2.844049534737284,2.4810635114053086
4,"Production, Transportation, & Material Moving Occupations",8,"Production, Transportation, & Material Moving Occupations",23,"Transportation Occupations",2015,"2015","04000US25","Massachusetts",8408,660.8978741076415,0.6758220818076548,"Boston, MA","16000US2507000","boston-ma",64702,15647,7961,5.61487250345434,60048,7.750466293631761,2.433595660743798
0,"Management, Business, Science, & Arts Occupations",0,"Management, Business, & Financial Occupations",0,"Management Occupations",2014,"2014","04000US25","Massachusetts",35218,1344.5772569845142,1.0798033603301485,"Boston, MA","16000US2507000","boston-ma",144564,5960,33714,4.461054754701311,143266,0.9060070079432664,10.537023794920279
0,"Management, Business, Science, & Arts Occupations",0,"Management, Business, & Financial Occupations",1,"Business & Financial Operations Occupations",2014,"2014","04000US25","Massachusetts",26633,1123.9395001511423,1.6678097469871553,"Boston, MA","16000US2507000","boston-ma",129343,6082,25682,3.7029826337512652,128621,0.5613391281361519,7.968440988418189
0,"Management, Business, Science, & Arts Occupations",1,"Computer, Engineering, & Science Occupations",2,"Computer & Mathematical Occupations",2014,"2014","04000US25","Massachusetts",12384,840.0119046775469,1.4061962501342296,"Boston, MA","16000US2507000","boston-ma",138605,9741,11379,8.832059056156078,131078,5.742382398266681,3.705221837591367
0,"Management, Business, Science, & Arts Occupations",1,"Computer, Engineering, & Science Occupations",3,"Architecture & Engineering Occupations",2014,"2014","04000US25","Massachusetts",5268,477.8953860417571,0.8628471415821151,"Boston, MA","16000US2507000","boston-ma",116174,11745,4867,8.23916170125334,123609,-6.014934187640058,1.5761554134715212
0,"Management, Business, Science, & Arts Occupations",1,"Computer, Engineering, & Science Occupations",4,"Life, Physical, & Social Science Occupations",2014,"2014","04000US25","Massachusetts",8871,582.1348640993768,3.01918949787737,"Boston, MA","16000US2507000","boston-ma",91952,6187,9076,-2.2587042750110182,91166,0.8621635258758747,2.6541523676738543
0,"Management, Business, Science, & Arts Occupations",2,"Education, Legal, Community Service, Arts, & Media Occupations",5,"Community & Social Service Occupations",2014,"2014","04000US25","Massachusetts",7883,658.0121579423893,1.4100001686626527,"Boston, MA","16000US2507000","boston-ma",80762,6880,7884,-0.012683916793505834,75084,7.562197006019924,2.358548429080486
0,"Management, Business, Science, & Arts Occupations",2,"Education, Legal, Community Service, Arts, & Media Occupations",6,"Legal Occupations",2014,"2014","04000US25","Massachusetts",7253,586.0375414595895,1.8647897116235006,"Boston, MA","16000US2507000","boston-ma",167615,23493,7329,-1.0369763951425843,157672,6.306129179562636,2.1700560390867394
0,"Management, Business, Science, & Arts Occupations",2,"Education, Legal, Community Service, Arts, & Media Occupations",7,"Education Instruction, & Library Occupations",2014,"2014","04000US25","Massachusetts",24129,1045.425272317443,1.178394512185456,"Boston, MA","16000US2507000","boston-ma",78163,8712,23430,2.9833546734955187,79374,-1.5256885126111825,7.2192585367605036
0,"Management, Business, Science, & Arts Occupations",2,"Education, Legal, Community Service, Arts, & Media Occupations",8,"Arts, Design, Entertainment, Sports, & Media Occupations",2014,"2014","04000US25","Massachusetts",10273,747.4202298573406,1.6078397221643999,"Boston, MA","16000US2507000","boston-ma",80868,7453,10231,0.41051705600625554,79991,1.0963733420009751,3.0736227339773987
0,"Management, Business, Science, & Arts Occupations",3,"Healthcare Practitioners & Technical Occupations",9,"Health Diagnosing & Treating Practitioners & Other Technical Occupations",2014,"2014","04000US25","Massachusetts",14815,705.60966546668,1.14191499047425,"Boston, MA","16000US2507000","boston-ma",143670,7462,14187,4.426587721153168,141127,1.8019230905496466,4.432563107551364
0,"Management, Business, Science, & Arts Occupations",3,"Healthcare Practitioners & Technical Occupations",10,"Health Technologists & Technicians",2014,"2014","04000US25","Massachusetts",4953,472.6489183315666,0.8306959998997927,"Boston, MA","16000US2507000","boston-ma",76854,12843,5228,-5.2601377199693955,80305,-4.2973662910155035,1.4819092184746478
1,"Service Occupations",4,"Service Occupations",11,"Healthcare Support Occupations",2014,"2014","04000US25","Massachusetts",9895,750.9700393491074,1.179485199563078,"Boston, MA","16000US2507000","boston-ma",63856,5614,9638,2.6665283253787093,60238,6.006175503834789,2.9605272999811505
1,"Service Occupations",4,"Service Occupations",14,"Food Preparation & Serving Related Occupations",2014,"2014","04000US25","Massachusetts",23380,1211.1292251448644,1.2141099140162308,"Boston, MA","16000US2507000","boston-ma",34757,2264,23394,-0.059844404548174746,35067,-0.8840220149998573,6.995162028656828
1,"Service Occupations",4,"Service Occupations",15,"Building & Grounds Cleaning & Maintenance Occupations",2014,"2014","04000US25","Massachusetts",14804,828.3918155076136,1.1053364124592089,"Boston, MA","16000US2507000","boston-ma",43876,3351,15060,-1.699867197875166,42999,2.039582315867811,4.429271970583219
1,"Service Occupations",4,"Service Occupations",16,"Personal Care & Service Occupations",2014,"2014","04000US25","Massachusetts",14120,861.301921511847,1.1561062529350448,"Boston, MA","16000US2507000","boston-ma",35630,4345,13905,1.5462064005753327,36874,-3.3736508108694476,4.2246230900185795
1,"Service Occupations",5,"Protective Service Occupations",12,"Fire Fighting & Prevention, & Other Protective Service Workers Including Supervisors",2014,"2014","04000US25","Massachusetts",5970,541.0231048670657,1.4480856229417924,"Boston, MA","16000US2507000","boston-ma",47111,9232,5907,1.0665312341289994,39666,18.769223012151464,1.7861897908931248
1,"Service Occupations",5,"Protective Service Occupations",13,"Law Enforcement Workers Including Supervisors",2014,"2014","04000US25","Massachusetts",2447,381.2427048482371,0.7340184105654566,"Boston, MA","16000US2507000","boston-ma",143738,18055,2525,-3.089108910891089,142610,0.7909683752892505,0.7321283782772993
2,"Sales & Office Occupations",6,"Sales & Office Occupations",17,"Sales & Related Occupations",2014,"2014","04000US25","Massachusetts",29376,1239.6019522411216,0.8091662823805947,"Boston, MA","16000US2507000","boston-ma",59674,6622,30264,-2.9341792228390164,61202,-2.4966504362602526,8.789130870565568
2,"Sales & Office Occupations",6,"Sales & Office Occupations",18,"Office & Administrative Support Occupations",2014,"2014","04000US25","Massachusetts",41990,1480.776147835992,0.9310136475242572,"Boston, MA","16000US2507000","boston-ma",63040,3046,42114,-0.29443890392743505,62682,0.5711368494942727,12.56316739021814
3,"Natural Resources, Construction, & Maintenance Occupations",7,"Natural Resources, Construction, & Maintenance Occupations",19,"Farming, Fishing, & Forestry Occupations",2014,"2014","04000US25","Massachusetts",378,155.90060936378666,0.15438725154310418,"Boston, MA","16000US2507000","boston-ma",43369,32564,352,7.386363636363637,30571,41.86320368977135,0.11309543399624811
3,"Natural Resources, Construction, & Maintenance Occupations",7,"Natural Resources, Construction, & Maintenance Occupations",20,"Construction & Extraction Occupations",2014,"2014","04000US25","Massachusetts",9163,788.8751485501365,0.548486711470282,"Boston, MA","16000US2507000","boston-ma",77467,26878,8680,5.564516129032258,55446,39.716120189012734,2.741517094464607
3,"Natural Resources, Construction, & Maintenance Occupations",7,"Natural Resources, Construction, & Maintenance Occupations",21,"Installation, Maintenance, & Repair Occupations",2014,"2014","04000US25","Massachusetts",4087,424.3229901855425,0.3767171792630797,"Boston, MA","16000US2507000","boston-ma",104521,41879,4362,-6.304447501146263,93413,11.891278515838266,1.2228069808007038
4,"Production, Transportation, & Material Moving Occupations",8,"Production, Transportation, & Material Moving Occupations",22,"Production Occupations",2014,"2014","04000US25","Massachusetts",8428,672.7295147382787,0.4234438063819789,"Boston, MA","16000US2507000","boston-ma",57172,5997,8095,4.1136504014823965,57306,-0.23383240847380726,2.5216093061385685
4,"Production, Transportation, & Material Moving Occupations",8,"Production, Transportation, & Material Moving Occupations",23,"Transportation Occupations",2014,"2014","04000US25","Massachusetts",7961,623.436444234695,0.668062668634162,"Boston, MA","16000US2507000","boston-ma",60048,11417,7940,0.26448362720403024,59768,0.4684781153794673,2.381885582127331
0,"Management, Business, Science, & Arts Occupations",0,"Management, Business, & Financial Occupations",0,"Management Occupations",2013,"2013","04000US25","Massachusetts",33714,1194.6903364470645,1.053630560035815,"Boston, MA","16000US2507000","boston-ma",143266,4786,,NaN,,NaN,10.225225498462304
0,"Management, Business, Science, & Arts Occupations",0,"Management, Business, & Financial Occupations",1,"Business & Financial Operations Occupations",2013,"2013","04000US25","Massachusetts",25682,1168.1951891700292,1.639457721448527,"Boston, MA","16000US2507000","boston-ma",128621,8466,,NaN,,NaN,7.789174860636794
0,"Management, Business, Science, & Arts Occupations",1,"Computer, Engineering, & Science Occupations",2,"Computer & Mathematical Occupations",2013,"2013","04000US25","Massachusetts",11379,721.3355668480516,1.3416826525456165,"Boston, MA","16000US2507000","boston-ma",131078,13628,,NaN,,NaN,3.451172834638505
0,"Management, Business, Science, & Arts Occupations",1,"Computer, Engineering, & Science Occupations",3,"Architecture & Engineering Occupations",2013,"2013","04000US25","Massachusetts",4867,518.1235373923868,0.8035009350947644,"Boston, MA","16000US2507000","boston-ma",123609,21523,,NaN,,NaN,1.4761277956046754
0,"Management, Business, Science, & Arts Occupations",1,"Computer, Engineering, & Science Occupations",4,"Life, Physical, & Social Science Occupations",2013,"2013","04000US25","Massachusetts",9076,674.3270719762035,3.1382193622021948,"Boston, MA","16000US2507000","boston-ma",91166,4139,,NaN,,NaN,2.7526886938376895
0,"Management, Business, Science, & Arts Occupations",2,"Education, Legal, Community Service, Arts, & Media Occupations",5,"Community & Social Service Occupations",2013,"2013","04000US25","Massachusetts",7884,655.231256885689,1.4373281047941944,"Boston, MA","16000US2507000","boston-ma",75084,7565,,NaN,,NaN,2.39116325057474
0,"Management, Business, Science, & Arts Occupations",2,"Education, Legal, Community Service, Arts, & Media Occupations",6,"Legal Occupations",2013,"2013","04000US25","Massachusetts",7329,535.2803004034429,1.8938338257110134,"Boston, MA","16000US2507000","boston-ma",157672,15491,,NaN,,NaN,2.2228355483843574
0,"Management, Business, Science, & Arts Occupations",2,"Education, Legal, Community Service, Arts, & Media Occupations",7,"Education Instruction, & Library Occupations",2013,"2013","04000US25","Massachusetts",23430,976.8280299008625,1.1567466644839928,"Boston, MA","16000US2507000","boston-ma",79374,9369,,NaN,,NaN,7.106158670848068
0,"Management, Business, Science, & Arts Occupations",2,"Education, Legal, Community Service, Arts, & Media Occupations",8,"Arts, Design, Entertainment, Sports, & Media Occupations",2013,"2013","04000US25","Massachusetts",10231,760.2137857208326,1.6410290612207727,"Boston, MA","16000US2507000","boston-ma",79991,6967,,NaN,,NaN,3.1029922902879465
0,"Management, Business, Science, & Arts Occupations",3,"Healthcare Practitioners & Technical Occupations",9,"Health Diagnosing & Treating Practitioners & Other Technical Occupations",2013,"2013","04000US25","Massachusetts",14187,785.6742327453536,1.1225317010110645,"Boston, MA","16000US2507000","boston-ma",141127,11188,,NaN,,NaN,4.302820019774714
0,"Management, Business, Science, & Arts Occupations",3,"Healthcare Practitioners & Technical Occupations",10,"Health Technologists & Technicians",2013,"2013","04000US25","Massachusetts",5228,517.2475229520196,0.9095365085769102,"Boston, MA","16000US2507000","boston-ma",80305,9485,,NaN,,NaN,1.5856166253176995
1,"Service Occupations",4,"Service Occupations",11,"Healthcare Support Occupations",2013,"2013","04000US25","Massachusetts",9638,687.4198135055464,1.1588684353048535,"Boston, MA","16000US2507000","boston-ma",60238,6440,,NaN,,NaN,2.9231394481277713
1,"Service Occupations",4,"Service Occupations",14,"Food Preparation & Serving Related Occupations",2013,"2013","04000US25","Massachusetts",23394,1258.9094486896188,1.246582290082537,"Boston, MA","16000US2507000","boston-ma",35067,2133,,NaN,,NaN,7.095240117192477
1,"Service Occupations",4,"Service Occupations",15,"Building & Grounds Cleaning & Maintenance Occupations",2013,"2013","04000US25","Massachusetts",15060,945.9482015417124,1.1419496258540844,"Boston, MA","16000US2507000","boston-ma",42999,3929,,NaN,,NaN,4.56759494592283
1,"Service Occupations",4,"Service Occupations",16,"Personal Care & Service Occupations",2013,"2013","04000US25","Massachusetts",13905,865.1317818690976,1.1647048254692134,"Boston, MA","16000US2507000","boston-ma",36874,4010,,NaN,,NaN,4.217291349472573
1,"Service Occupations",5,"Protective Service Occupations",12,"Fire Fighting & Prevention, & Other Protective Service Workers Including Supervisors",2013,"2013","04000US25","Massachusetts",5907,570.1876883974259,1.450662368932187,"Boston, MA","16000US2507000","boston-ma",39666,10963,,NaN,,NaN,1.7915526789884566
1,"Service Occupations",5,"Protective Service Occupations",13,"Law Enforcement Workers Including Supervisors",2013,"2013","04000US25","Massachusetts",2525,404.46137021970344,0.7603063026440205,"Boston, MA","16000US2507000","boston-ma",142610,10593,,NaN,,NaN,0.7658152216769685
2,"Sales & Office Occupations",6,"Sales & Office Occupations",17,"Sales & Related Occupations",2013,"2013","04000US25","Massachusetts",30264,1230.8407695555097,0.8388647669085549,"Boston, MA","16000US2507000","boston-ma",61202,5773,,NaN,,NaN,9.17886410646803
2,"Sales & Office Occupations",6,"Sales & Office Occupations",18,"Office & Administrative Support Occupations",2013,"2013","04000US25","Massachusetts",42114,1489.596589684603,0.9323654182551359,"Boston, MA","16000US2507000","boston-ma",62682,2881,,NaN,,NaN,12.772888018100536
3,"Natural Resources, Construction, & Maintenance Occupations",7,"Natural Resources, Construction, & Maintenance Occupations",19,"Farming, Fishing, & Forestry Occupations",2013,"2013","04000US25","Massachusetts",352,172.69916039170545,0.14691666958276983,"Boston, MA","16000US2507000","boston-ma",30571,30044,,NaN,,NaN,0.10675919129912591
3,"Natural Resources, Construction, & Maintenance Occupations",7,"Natural Resources, Construction, & Maintenance Occupations",20,"Construction & Extraction Occupations",2013,"2013","04000US25","Massachusetts",8680,860.6276779188549,0.5210667161501896,"Boston, MA","16000US2507000","boston-ma",55446,9859,,NaN,,NaN,2.632584603626173
3,"Natural Resources, Construction, & Maintenance Occupations",7,"Natural Resources, Construction, & Maintenance Occupations",21,"Installation, Maintenance, & Repair Occupations",2013,"2013","04000US25","Massachusetts",4362,539.3514624064721,0.40231878233086693,"Boston, MA","16000US2507000","boston-ma",93413,34530,,NaN,,NaN,1.322964751269282
4,"Production, Transportation, & Material Moving Occupations",8,"Production, Transportation, & Material Moving Occupations",22,"Production Occupations",2013,"2013","04000US25","Massachusetts",8095,577.7586001090767,0.41263950818018785,"Boston, MA","16000US2507000","boston-ma",57306,5896,,NaN,,NaN,2.4551581067227963
4,"Production, Transportation, & Material Moving Occupations",8,"Production, Transportation, & Material Moving Occupations",23,"Transportation Occupations",2013,"2013","04000US25","Massachusetts",7940,763.2404601434597,0.6781008459272048,"Boston, MA","16000US2507000","boston-ma",59768,7957,,NaN,,NaN,2.4081476673723285